<?xml version="1.0" encoding="utf-8"?>
<!DOCTYPE mapper PUBLIC "-//mybatis.org//DTD Mapper 3.0//EN"
        "http://mybatis.org/dtd/mybatis-3-mapper.dtd">
<!--BoardRepository의 Board.save의 Board와 동일-->
<mapper namespace="Board">
    <!-- sql문이 작성되는 공간 -->

    <insert id="save" parameterType="board" useGeneratedKeys="true" keyProperty="id">
<!--        useGeneratedKeys="true" 데이터베이스에서 자동으로 생성되는 키 값을 가져와라
            keyProperty="id" 는 자동으로 생성된 키 값을 가자 객체 id 필드에 설정.
            parameterType은 mybatis-config의 재정의된 객체를 나타내는 것 데이터가 넘어올 때의 타입
            id="save" 는 해당 워크벤치코드(?) 를 세이브할건지 업데이트할건지 이런건듯? BoardRepository의 Board.save와 관련이 있다고 함
-->
        insert into board_table(boardTitle, boardWriter, boardPass, boardContents,fileAttached)
        values(#{boardTitle}, #{boardWriter}, #{boardPass}, #{boardContents},#{fileAttached})
    </insert>

    <select id="findAll" resultType="board">
        <!--            resultType은 결과 반환타입-->
        select id, boardTitle, boardWriter, boardHits, date_format(createdAt, "%y-%m-%d") as createdAt
        from board_table order by id desc
    </select>

    <update id="updateHits" parameterType="Long">
        update board_table set boardHits = boardHits + 1 where id = #{id}
    </update>

    <select id="findById" resultType="board" parameterType="Long">
        select id, boardTitle, boardWriter,boardPass,boardContents, boardHits,
        date_format(createdAt, "%y-%m-%d") as createdAt,fileAttached
        from board_table
        where id = #{id}
    </select>

    <update id="update" parameterType="board">
        update board_table
        set boardTitle = #{boardTitle}, boardContents = #{boardContents}
        where id = #{id}
    </update>

    <delete id="delete" parameterType="Long">
        delete from board_table where id = #{id}
    </delete>

    <insert id="saveFile" parameterType="boardFile">
        insert into board_file_table(originalFileName, storedFileName,boardId)
        values(#{originalFileName}, #{storedFileName},#{boardId})
    </insert>
    <select id="findFile" parameterType="Long" resultType="boardFile">
<!--        useGeneratedKeys="true" keyProperty="id" 써야하지 않을까?-->
        select *
        from board_file_table
        where boardId = #{id}
    </select>

</mapper>